{
  "criteria": {
    "requirement": {
      "trigger": "minecraft:inventory_changed",
      "conditions": {
        "player": [
          {
            "condition": "minecraft:entity_properties",
            "entity": "this",
            "predicate": {
              "equipment": {
                "offhand": {
                  "items": [
                    "minecraft:ender_eye"
                  ],
                  "nbt": "{gun:1b}"
                }
              }
            }
          }
        ]
      }
    }
  }
}