{
	"__comment": "Designed by Benyg2000 with Cubik Studio - https://cubik.studio",
	"textures": {
		"glock": "gun:gun/glock"
	},
	"elements": [ 	 
		{
			"__comment": "Voxels",
			"from": [ 6, -10, 16.5 ],
			"to": [ 9.5, -9, 21 ],
			"faces": {
				"down": { "uv": [ 7, 12.1875, 7.4375, 12.75 ], "texture": "#glock" },
				"up": { "uv": [ 6.4375, 12.75, 6.875, 12.1875 ], "texture": "#glock" },
				"north": { "uv": [ 3.8125, 14.25, 3.375, 14.375 ], "texture": "#glock" },
				"south": { "uv": [ 3.9375, 14.25, 4.375, 14.375 ], "texture": "#glock" },
				"west": { "uv": [ 2.5625, 10.25, 3.125, 10.375 ], "texture": "#glock" },
				"east": { "uv": [ 3.125, 10, 2.5625, 10.125 ], "texture": "#glock" }
			}
		},
		{
			"__comment": "Voxels",
			"from": [ 6, 1, 17 ],
			"to": [ 9.5, 14, 18 ],
			"faces": {
				"down": { "uv": [ 5.3125, 10.25, 5.75, 10.375 ], "texture": "#glock" },
				"up": { "uv": [ 5.3125, 10.125, 5.75, 10 ], "texture": "#glock" },
				"north": { "uv": [ 1.5625, 14.375, 1.125, 16 ], "texture": "#glock" },
				"south": { "uv": [ 1.6875, 14.375, 2.125, 16 ], "texture": "#glock" },
				"west": { "uv": [ 0, 7.75, 0.125, 9.375 ], "texture": "#glock" },
				"east": { "uv": [ 0.125, 6, 0, 7.625 ], "texture": "#glock" }
			}
		},
		{
			"__comment": "Voxels",
			"from": [ 6, 1, 18 ],
			"to": [ 9.5, 10, 18.5 ],
			"faces": {
				"down": { "uv": [ 7.25, 8.75, 7.6875, 8.8125 ], "texture": "#glock" },
				"up": { "uv": [ 6.6875, 8.625, 7.125, 8.5625 ], "texture": "#glock" },
				"north": { "uv": [ 2.4375, 13, 2, 14.125 ], "texture": "#glock" },
				"south": { "uv": [ 2.5625, 13, 3, 14.125 ], "texture": "#glock" },
				"west": { "uv": [ 0.8125, 8.25, 0.875, 9.375 ], "texture": "#glock" },
				"east": { "uv": [ 1.0625, 8.25, 1, 9.375 ], "texture": "#glock" }
			}
		},
		{
			"__comment": "Voxels",
			"from": [ 6, 1, 18.5 ],
			"to": [ 9.5, 9, 19 ],
			"faces": {
				"down": { "uv": [ 6.6875, 8, 7.125, 8.0625 ], "texture": "#glock" },
				"up": { "uv": [ 7.25, 8.625, 7.6875, 8.5625 ], "texture": "#glock" },
				"north": { "uv": [ 1.3125, 11.875, 0.875, 12.875 ], "texture": "#glock" },
				"south": { "uv": [ 1.4375, 11.875, 1.875, 12.875 ], "texture": "#glock" },
				"west": { "uv": [ 1.75, 8.375, 1.8125, 9.375 ], "texture": "#glock" },
				"east": { "uv": [ 1.625, 8.375, 1.5625, 9.375 ], "texture": "#glock" }
			}
		},
		{
			"__comment": "Voxels",
			"from": [ 6, 1, 19 ],
			"to": [ 9.5, 7.5, 19.5 ],
			"faces": {
				"down": { "uv": [ 7.25, 8.1875, 7.6875, 8.25 ], "texture": "#glock" },
				"up": { "uv": [ 7.25, 8.0625, 7.6875, 8 ], "texture": "#glock" },
				"north": { "uv": [ 6.3125, 13.3125, 5.875, 14.125 ], "texture": "#glock" },
				"south": { "uv": [ 4, 11.8125, 4.4375, 12.625 ], "texture": "#glock" },
				"west": { "uv": [ 5.6875, 11.8125, 5.75, 12.625 ], "texture": "#glock" },
				"east": { "uv": [ 7.3125, 9.5625, 7.25, 10.375 ], "texture": "#glock" }
			}
		},
		{
			"__comment": "Voxels",
			"from": [ 6, 1, 19.5 ],
			"to": [ 9.5, 6, 20 ],
			"faces": {
				"down": { "uv": [ 0.25, 7.6875, 0.6875, 7.75 ], "texture": "#glock" },
				"up": { "uv": [ 0.8125, 7.75, 1.25, 7.6875 ], "texture": "#glock" },
				"north": { "uv": [ 6.3125, 12.5625, 5.875, 13.1875 ], "texture": "#glock" },
				"south": { "uv": [ 6.4375, 13.5, 6.875, 14.125 ], "texture": "#glock" },
				"west": { "uv": [ 3.25, 8.75, 3.3125, 9.375 ], "texture": "#glock" },
				"east": { "uv": [ 7.875, 9.75, 7.8125, 10.375 ], "texture": "#glock" }
			}
		},
		{
			"__comment": "Voxels",
			"from": [ 6, 1, 20 ],
			"to": [ 9.5, 4.5, 20.5 ],
			"faces": {
				"down": { "uv": [ 1.375, 7.6875, 1.8125, 7.75 ], "texture": "#glock" },
				"up": { "uv": [ 2.25, 14.3125, 2.6875, 14.25 ], "texture": "#glock" },
				"north": { "uv": [ 0.875, 10.8125, 0.4375, 11.25 ], "texture": "#glock" },
				"south": { "uv": [ 1, 10.8125, 1.4375, 11.25 ], "texture": "#glock" },
				"west": { "uv": [ 1.9375, 7.875, 2, 8.3125 ], "texture": "#glock" },
				"east": { "uv": [ 2.1875, 7.875, 2.125, 8.3125 ], "texture": "#glock" }
			}
		},
		{
			"__comment": "Voxels",
			"from": [ 6, 1, 20.5 ],
			"to": [ 9.5, 3.5, 21 ],
			"faces": {
				"down": { "uv": [ 2.8125, 14.25, 3.25, 14.3125 ], "texture": "#glock" },
				"up": { "uv": [ 5.5, 9, 5.9375, 8.9375 ], "texture": "#glock" },
				"north": { "uv": [ 6.0625, 14.25, 5.625, 14.5625 ], "texture": "#glock" },
				"south": { "uv": [ 6.1875, 14.25, 6.625, 14.5625 ], "texture": "#glock" },
				"west": { "uv": [ 3, 9.5625, 3.0625, 9.875 ], "texture": "#glock" },
				"east": { "uv": [ 1.625, 7.9375, 1.5625, 8.25 ], "texture": "#glock" }
			}
		},
		{
			"__comment": "Voxels",
			"from": [ 6, 2, 16.5 ],
			"to": [ 9.5, 14, 17 ],
			"faces": {
				"down": { "uv": [ 5.5, 8.75, 5.9375, 8.8125 ], "texture": "#glock" },
				"up": { "uv": [ 5.5, 8.625, 5.9375, 8.5625 ], "texture": "#glock" },
				"north": { "uv": [ 3.8125, 14.5, 3.375, 16 ], "texture": "#glock" },
				"south": { "uv": [ 3.9375, 14.5, 4.375, 16 ], "texture": "#glock" },
				"west": { "uv": [ 0.4375, 7.875, 0.5, 9.375 ], "texture": "#glock" },
				"east": { "uv": [ 0.3125, 7.875, 0.25, 9.375 ], "texture": "#glock" }
			}
		},
		{
			"__comment": "Voxels",
			"from": [ 6, 3.5, 16 ],
			"to": [ 9.5, 14, 16.5 ],
			"faces": {
				"down": { "uv": [ 5.5, 8.375, 5.9375, 8.4375 ], "texture": "#glock" },
				"up": { "uv": [ 5.5, 8.25, 5.9375, 8.1875 ], "texture": "#glock" },
				"north": { "uv": [ 6.625, 14.6875, 6.1875, 16 ], "texture": "#glock" },
				"south": { "uv": [ 5.625, 14.6875, 6.0625, 16 ], "texture": "#glock" },
				"west": { "uv": [ 0.625, 8.0625, 0.6875, 9.375 ], "texture": "#glock" },
				"east": { "uv": [ 7.8125, 14.6875, 7.75, 16 ], "texture": "#glock" }
			}
		},
		{
			"__comment": "Voxels",
			"from": [ 6, 5, 15.5 ],
			"to": [ 9.5, 14, 16 ],
			"faces": {
				"down": { "uv": [ 5.5, 8, 5.9375, 8.0625 ], "texture": "#glock" },
				"up": { "uv": [ 6.125, 9.375, 6.5625, 9.3125 ], "texture": "#glock" },
				"north": { "uv": [ 1.875, 13, 1.4375, 14.125 ], "texture": "#glock" },
				"south": { "uv": [ 0.875, 13, 1.3125, 14.125 ], "texture": "#glock" },
				"west": { "uv": [ 1.375, 8.25, 1.4375, 9.375 ], "texture": "#glock" },
				"east": { "uv": [ 1.25, 8.25, 1.1875, 9.375 ], "texture": "#glock" }
			}
		},
		{
			"__comment": "Voxels",
			"from": [ 6, 6.5, 15 ],
			"to": [ 9.5, 14, 15.5 ],
			"faces": {
				"down": { "uv": [ 6.6875, 9.3125, 7.125, 9.375 ], "texture": "#glock" },
				"up": { "uv": [ 7.25, 9.375, 7.6875, 9.3125 ], "texture": "#glock" },
				"north": { "uv": [ 3, 11.9375, 2.5625, 12.875 ], "texture": "#glock" },
				"south": { "uv": [ 2, 11.9375, 2.4375, 12.875 ], "texture": "#glock" },
				"west": { "uv": [ 1.9375, 8.4375, 2, 9.375 ], "texture": "#glock" },
				"east": { "uv": [ 2.1875, 8.4375, 2.125, 9.375 ], "texture": "#glock" }
			}
		},
		{
			"__comment": "Voxels",
			"from": [ 6, 7.5, 14.5 ],
			"to": [ 9.5, 14, 15 ],
			"faces": {
				"down": { "uv": [ 6.125, 9.125, 6.5625, 9.1875 ], "texture": "#glock" },
				"up": { "uv": [ 6.125, 9, 6.5625, 8.9375 ], "texture": "#glock" },
				"north": { "uv": [ 5, 11.8125, 4.5625, 12.625 ], "texture": "#glock" },
				"south": { "uv": [ 5.125, 11.8125, 5.5625, 12.625 ], "texture": "#glock" },
				"west": { "uv": [ 7.4375, 9.5625, 7.5, 10.375 ], "texture": "#glock" },
				"east": { "uv": [ 7.6875, 9.5625, 7.625, 10.375 ], "texture": "#glock" }
			}
		},
		{
			"__comment": "Voxels",
			"from": [ 6, 9, 14 ],
			"to": [ 9.5, 14, 14.5 ],
			"faces": {
				"down": { "uv": [ 6.125, 8.75, 6.5625, 8.8125 ], "texture": "#glock" },
				"up": { "uv": [ 6.125, 8.625, 6.5625, 8.5625 ], "texture": "#glock" },
				"north": { "uv": [ 7.4375, 13.5, 7, 14.125 ], "texture": "#glock" },
				"south": { "uv": [ 5.875, 11.8125, 6.3125, 12.4375 ], "texture": "#glock" },
				"west": { "uv": [ 3.25, 8, 3.3125, 8.625 ], "texture": "#glock" },
				"east": { "uv": [ 3.5, 8.25, 3.4375, 8.875 ], "texture": "#glock" }
			}
		},
		{
			"__comment": "Voxels",
			"from": [ 6, 12, 1.5 ],
			"to": [ 9.5, 14, 14 ],
			"faces": {
				"down": { "uv": [ 2.8125, 14.4375, 3.25, 16 ], "texture": "#glock" },
				"up": { "uv": [ 2.25, 16, 2.6875, 14.4375 ], "texture": "#glock" },
				"north": { "uv": [ 7.6875, 14.25, 7.25, 14.5 ], "texture": "#glock" },
				"south": { "uv": [ 6.5625, 11.4375, 7, 11.6875 ], "texture": "#glock" },
				"west": { "uv": [ 4, 12.75, 5.5625, 13 ], "texture": "#glock" },
				"east": { "uv": [ 5.5625, 13.125, 4, 13.375 ], "texture": "#glock" }
			}
		},
		{
			"__comment": "Voxels",
			"from": [ 6, 12, 18 ],
			"to": [ 9.5, 14, 18.5 ],
			"faces": {
				"down": { "uv": [ 6.125, 8.375, 6.5625, 8.4375 ], "texture": "#glock" },
				"up": { "uv": [ 6.125, 8.25, 6.5625, 8.1875 ], "texture": "#glock" },
				"north": { "uv": [ 7.4375, 11.8125, 7, 12.0625 ], "texture": "#glock" },
				"south": { "uv": [ 6.4375, 11.8125, 6.875, 12.0625 ], "texture": "#glock" },
				"west": { "uv": [ 0.8125, 7.875, 0.875, 8.125 ], "texture": "#glock" },
				"east": { "uv": [ 5.75, 12.75, 5.6875, 13 ], "texture": "#glock" }
			}
		},
		{
			"__comment": "Voxels",
			"from": [ 6, 13, 18.5 ],
			"to": [ 9.5, 14, 19 ],
			"faces": {
				"down": { "uv": [ 1.9375, 7.6875, 2.375, 7.75 ], "texture": "#glock" },
				"up": { "uv": [ 7.25, 8.4375, 7.6875, 8.375 ], "texture": "#glock" },
				"north": { "uv": [ 5.75, 9.75, 5.3125, 9.875 ], "texture": "#glock" },
				"south": { "uv": [ 5.3125, 9.5, 5.75, 9.625 ], "texture": "#glock" },
				"west": { "uv": [ 1.125, 5.9375, 1.1875, 6.0625 ], "texture": "#glock" },
				"east": { "uv": [ 1.1875, 5.6875, 1.125, 5.8125 ], "texture": "#glock" }
			}
		},
		{
			"__comment": "Voxels",
			"from": [ 6, 13.5, 19 ],
			"to": [ 9.5, 14, 20 ],
			"faces": {
				"down": { "uv": [ 6.0625, 9.875, 6.5, 10 ], "texture": "#glock" },
				"up": { "uv": [ 6.0625, 9.75, 6.5, 9.625 ], "texture": "#glock" },
				"north": { "uv": [ 7.125, 8.9375, 6.6875, 9 ], "texture": "#glock" },
				"south": { "uv": [ 6.6875, 8.1875, 7.125, 8.25 ], "texture": "#glock" },
				"west": { "uv": [ 1.5625, 6.75, 1.6875, 6.8125 ], "texture": "#glock" },
				"east": { "uv": [ 7.625, 6.9375, 7.5, 7 ], "texture": "#glock" }
			}
		},
		{
			"__comment": "Voxels",
			"from": [ 6, 14.5, -5 ],
			"to": [ 9.5, 16.5, 9 ],
			"faces": {
				"down": { "uv": [ 0, 14.25, 0.4375, 16 ], "texture": "#glock" },
				"up": { "uv": [ 0.5625, 16, 1, 14.25 ], "texture": "#glock" },
				"north": { "uv": [ 4.9375, 14.25, 4.5, 14.5 ], "texture": "#glock" },
				"south": { "uv": [ 5.0625, 14.25, 5.5, 14.5 ], "texture": "#glock" },
				"west": { "uv": [ 4, 13.875, 5.75, 14.125 ], "texture": "#glock" },
				"east": { "uv": [ 5.75, 13.5, 4, 13.75 ], "texture": "#glock" }
			}
		},
		{
			"__comment": "Voxels",
			"from": [ 6, 14.5, 9 ],
			"to": [ 9.5, 15, 20 ],
			"faces": {
				"down": { "uv": [ 5.0625, 14.625, 5.5, 16 ], "texture": "#glock" },
				"up": { "uv": [ 4.5, 16, 4.9375, 14.625 ], "texture": "#glock" },
				"north": { "uv": [ 7.6875, 8.9375, 7.25, 9 ], "texture": "#glock" },
				"south": { "uv": [ 7.25, 9.125, 7.6875, 9.1875 ], "texture": "#glock" },
				"west": { "uv": [ 6.3125, 10.625, 7.6875, 10.6875 ], "texture": "#glock" },
				"east": { "uv": [ 7.6875, 10.8125, 6.3125, 10.875 ], "texture": "#glock" }
			}
		},
		{
			"__comment": "Voxels",
			"from": [ 6, 15, 9 ],
			"to": [ 9, 16.5, 20 ],
			"faces": {
				"down": { "uv": [ 6.75, 14.625, 7.125, 16 ], "texture": "#glock" },
				"up": { "uv": [ 7.25, 16, 7.625, 14.625 ], "texture": "#glock" },
				"north": { "uv": [ 1.375, 10.5, 1, 10.6875 ], "texture": "#glock" },
				"south": { "uv": [ 0.4375, 10.5, 0.8125, 10.6875 ], "texture": "#glock" },
				"west": { "uv": [ 6.4375, 13.1875, 7.8125, 13.375 ], "texture": "#glock" },
				"east": { "uv": [ 7.8125, 12.875, 6.4375, 13.0625 ], "texture": "#glock" }
			}
		},
		{
			"__comment": "Voxels",
			"from": [ 6.5, -10, 16 ],
			"to": [ 9, -9, 16.5 ],
			"faces": {
				"down": { "uv": [ 7.5625, 7.5, 7.875, 7.5625 ], "texture": "#glock" },
				"up": { "uv": [ 0.5625, 7.375, 0.875, 7.3125 ], "texture": "#glock" },
				"north": { "uv": [ 4.1875, 8.5, 3.875, 8.625 ], "texture": "#glock" },
				"south": { "uv": [ 3.125, 11.8125, 3.4375, 11.9375 ], "texture": "#glock" },
				"west": { "uv": [ 1.125, 5.4375, 1.1875, 5.5625 ], "texture": "#glock" },
				"east": { "uv": [ 1.1875, 5.1875, 1.125, 5.3125 ], "texture": "#glock" }
			}
		},
		{
			"__comment": "Voxels",
			"from": [ 6.5, -10, 21 ],
			"to": [ 9, -9, 21.5 ],
			"faces": {
				"down": { "uv": [ 1, 7.3125, 1.3125, 7.375 ], "texture": "#glock" },
				"up": { "uv": [ 1.4375, 7.375, 1.75, 7.3125 ], "texture": "#glock" },
				"north": { "uv": [ 2.4375, 9.5, 2.125, 9.625 ], "texture": "#glock" },
				"south": { "uv": [ 6.625, 9.5, 6.9375, 9.625 ], "texture": "#glock" },
				"west": { "uv": [ 1.125, 4.9375, 1.1875, 5.0625 ], "texture": "#glock" },
				"east": { "uv": [ 1.1875, 4.1875, 1.125, 4.3125 ], "texture": "#glock" }
			}
		},
		{
			"__comment": "Voxels",
			"from": [ 6.5, -9, 17 ],
			"to": [ 9, 0, 20.5 ],
			"faces": {
				"down": { "uv": [ 3.125, 12.0625, 3.4375, 12.5 ], "texture": "#glock" },
				"up": { "uv": [ 3.5625, 12.5, 3.875, 12.0625 ], "texture": "#glock" },
				"north": { "uv": [ 2.625, 7.3125, 2.3125, 7.375 ], "texture": "#glock" },
				"south": { "uv": [ 2.75, 7.3125, 3.0625, 7.375 ], "texture": "#glock" },
				"west": { "uv": [ 6.6875, 8.75, 7.125, 8.8125 ], "texture": "#glock" },
				"east": { "uv": [ 7.125, 8.375, 6.6875, 8.4375 ], "texture": "#glock" }
			}
		},
		{
			"__comment": "Voxels",
			"from": [ 6.5, 1, 16.5 ],
			"to": [ 9, 2, 17 ],
			"faces": {
				"down": { "uv": [ 3.625, 7.3125, 3.9375, 7.375 ], "texture": "#glock" },
				"up": { "uv": [ 4.0625, 7.375, 4.375, 7.3125 ], "texture": "#glock" },
				"north": { "uv": [ 2.9375, 8.25, 2.625, 8.375 ], "texture": "#glock" },
				"south": { "uv": [ 3.875, 8.75, 4.1875, 8.875 ], "texture": "#glock" },
				"west": { "uv": [ 1.125, 3.9375, 1.1875, 4.0625 ], "texture": "#glock" },
				"east": { "uv": [ 1.1875, 3.6875, 1.125, 3.8125 ], "texture": "#glock" }
			}
		},
		{
			"__comment": "Voxels",
			"from": [ 6.5, 1, 21 ],
			"to": [ 9, 3.5, 21.5 ],
			"faces": {
				"down": { "uv": [ 4.5, 7.3125, 4.8125, 7.375 ], "texture": "#glock" },
				"up": { "uv": [ 4.9375, 7.375, 5.25, 7.3125 ], "texture": "#glock" },
				"north": { "uv": [ 1.875, 10.5625, 1.5625, 10.875 ], "texture": "#glock" },
				"south": { "uv": [ 7.5625, 11.375, 7.875, 11.6875 ], "texture": "#glock" },
				"west": { "uv": [ 5.3125, 8, 5.375, 8.3125 ], "texture": "#glock" },
				"east": { "uv": [ 0.3125, 1.75, 0.25, 2.0625 ], "texture": "#glock" }
			}
		},
		{
			"__comment": "Voxels",
			"from": [ 6.5, 2, 16 ],
			"to": [ 9, 3.5, 16.5 ],
			"faces": {
				"down": { "uv": [ 5.375, 7.3125, 5.6875, 7.375 ], "texture": "#glock" },
				"up": { "uv": [ 5.8125, 7.375, 6.125, 7.3125 ], "texture": "#glock" },
				"north": { "uv": [ 3.875, 10.1875, 3.5625, 10.375 ], "texture": "#glock" },
				"south": { "uv": [ 3.5625, 9.875, 3.875, 10.0625 ], "texture": "#glock" },
				"west": { "uv": [ 0.75, 2.625, 0.8125, 2.8125 ], "texture": "#glock" },
				"east": { "uv": [ 0.625, 2.625, 0.5625, 2.8125 ], "texture": "#glock" }
			}
		},
		{
			"__comment": "Voxels",
			"from": [ 6.5, 3.5, 15.5 ],
			"to": [ 9, 5, 16 ],
			"faces": {
				"down": { "uv": [ 6.25, 7.3125, 6.5625, 7.375 ], "texture": "#glock" },
				"up": { "uv": [ 7.5625, 13.5625, 7.875, 13.5 ], "texture": "#glock" },
				"north": { "uv": [ 4.75, 10.1875, 4.4375, 10.375 ], "texture": "#glock" },
				"south": { "uv": [ 4.4375, 9.875, 4.75, 10.0625 ], "texture": "#glock" },
				"west": { "uv": [ 0.75, 3.3125, 0.8125, 3.5 ], "texture": "#glock" },
				"east": { "uv": [ 0.625, 3.3125, 0.5625, 3.5 ], "texture": "#glock" }
			}
		},
		{
			"__comment": "Voxels",
			"from": [ 6.5, 3.5, 20.5 ],
			"to": [ 9, 4.5, 21 ],
			"faces": {
				"down": { "uv": [ 7.5625, 11.8125, 7.875, 11.875 ], "texture": "#glock" },
				"up": { "uv": [ 2.5625, 9.5625, 2.875, 9.5 ], "texture": "#glock" },
				"north": { "uv": [ 3.75, 9, 3.4375, 9.125 ], "texture": "#glock" },
				"south": { "uv": [ 3.4375, 8, 3.75, 8.125 ], "texture": "#glock" },
				"west": { "uv": [ 1.125, 3.4375, 1.1875, 3.5625 ], "texture": "#glock" },
				"east": { "uv": [ 1.1875, 3.1875, 1.125, 3.3125 ], "texture": "#glock" }
			}
		},
		{
			"__comment": "Voxels",
			"from": [ 6.5, 4.5, 20 ],
			"to": [ 9, 6, 20.5 ],
			"faces": {
				"down": { "uv": [ 2.5, 7.6875, 2.8125, 7.75 ], "texture": "#glock" },
				"up": { "uv": [ 2.9375, 7.75, 3.25, 7.6875 ], "texture": "#glock" },
				"north": { "uv": [ 4.3125, 9.875, 4, 10.0625 ], "texture": "#glock" },
				"south": { "uv": [ 4, 9.5625, 4.3125, 9.75 ], "texture": "#glock" },
				"west": { "uv": [ 0.75, 5.3125, 0.8125, 5.5 ], "texture": "#glock" },
				"east": { "uv": [ 0.625, 5.625, 0.5625, 5.8125 ], "texture": "#glock" }
			}
		},
		{
			"__comment": "Voxels",
			"from": [ 6.5, 5, 15 ],
			"to": [ 9, 6.5, 15.5 ],
			"faces": {
				"down": { "uv": [ 3.375, 7.6875, 3.6875, 7.75 ], "texture": "#glock" },
				"up": { "uv": [ 3.8125, 7.75, 4.125, 7.6875 ], "texture": "#glock" },
				"north": { "uv": [ 4.9375, 10.5, 4.625, 10.6875 ], "texture": "#glock" },
				"south": { "uv": [ 2.5625, 9.6875, 2.875, 9.875 ], "texture": "#glock" },
				"west": { "uv": [ 0.75, 6.1875, 0.8125, 6.375 ], "texture": "#glock" },
				"east": { "uv": [ 7.875, 7.875, 7.8125, 8.0625 ], "texture": "#glock" }
			}
		},
		{
			"__comment": "Voxels",
			"from": [ 6.5, 6, 19.5 ],
			"to": [ 9, 7.5, 20 ],
			"faces": {
				"down": { "uv": [ 4.25, 7.6875, 4.5625, 7.75 ], "texture": "#glock" },
				"up": { "uv": [ 4.6875, 7.75, 5, 7.6875 ], "texture": "#glock" },
				"north": { "uv": [ 4.75, 9.5625, 4.4375, 9.75 ], "texture": "#glock" },
				"south": { "uv": [ 4.875, 10.1875, 5.1875, 10.375 ], "texture": "#glock" },
				"west": { "uv": [ 0.5625, 0.8125, 0.625, 1 ], "texture": "#glock" },
				"east": { "uv": [ 7.875, 10.5, 7.8125, 10.6875 ], "texture": "#glock" }
			}
		},
		{
			"__comment": "Voxels",
			"from": [ 6.5, 6.5, 14.5 ],
			"to": [ 9, 7.5, 15 ],
			"faces": {
				"down": { "uv": [ 5.125, 7.6875, 5.4375, 7.75 ], "texture": "#glock" },
				"up": { "uv": [ 4.0625, 7.5625, 4.375, 7.5 ], "texture": "#glock" },
				"north": { "uv": [ 3.875, 11.8125, 3.5625, 11.9375 ], "texture": "#glock" },
				"south": { "uv": [ 2.625, 8.5, 2.9375, 8.625 ], "texture": "#glock" },
				"west": { "uv": [ 1.125, 1.9375, 1.1875, 2.0625 ], "texture": "#glock" },
				"east": { "uv": [ 1.1875, 1.6875, 1.125, 1.8125 ], "texture": "#glock" }
			}
		},
		{
			"__comment": "Voxels",
			"from": [ 6.5, 7.5, 14 ],
			"to": [ 9, 9, 14.5 ],
			"faces": {
				"down": { "uv": [ 5.5625, 7.6875, 5.875, 7.75 ], "texture": "#glock" },
				"up": { "uv": [ 6, 7.75, 6.3125, 7.6875 ], "texture": "#glock" },
				"north": { "uv": [ 3.875, 9.5625, 3.5625, 9.75 ], "texture": "#glock" },
				"south": { "uv": [ 4, 10.1875, 4.3125, 10.375 ], "texture": "#glock" },
				"west": { "uv": [ 0.9375, 2.75, 1, 2.9375 ], "texture": "#glock" },
				"east": { "uv": [ 1, 4.9375, 0.9375, 5.125 ], "texture": "#glock" }
			}
		},
		{
			"__comment": "Voxels",
			"from": [ 6.5, 7.5, 19 ],
			"to": [ 9, 9, 19.5 ],
			"faces": {
				"down": { "uv": [ 6.4375, 7.6875, 6.75, 7.75 ], "texture": "#glock" },
				"up": { "uv": [ 6.875, 7.75, 7.1875, 7.6875 ], "texture": "#glock" },
				"north": { "uv": [ 5.1875, 9.875, 4.875, 10.0625 ], "texture": "#glock" },
				"south": { "uv": [ 4.875, 9.5625, 5.1875, 9.75 ], "texture": "#glock" },
				"west": { "uv": [ 0.9375, 5.25, 1, 5.4375 ], "texture": "#glock" },
				"east": { "uv": [ 1, 5.5625, 0.9375, 5.75 ], "texture": "#glock" }
			}
		},
		{
			"__comment": "Voxels",
			"from": [ 6.5, 9, 13.5 ],
			"to": [ 9, 11, 14 ],
			"faces": {
				"down": { "uv": [ 7.3125, 7.6875, 7.625, 7.75 ], "texture": "#glock" },
				"up": { "uv": [ 0.5625, 7.5625, 0.875, 7.5 ], "texture": "#glock" },
				"north": { "uv": [ 2.4375, 10.125, 2.125, 10.375 ], "texture": "#glock" },
				"south": { "uv": [ 6.75, 14.25, 7.0625, 14.5 ], "texture": "#glock" },
				"west": { "uv": [ 1.1875, 7.875, 1.25, 8.125 ], "texture": "#glock" },
				"east": { "uv": [ 1.0625, 7.875, 1, 8.125 ], "texture": "#glock" }
			}
		},
		{
			"__comment": "Voxels",
			"from": [ 6.5, 9, 18.5 ],
			"to": [ 9, 10, 19 ],
			"faces": {
				"down": { "uv": [ 1, 7.5, 1.3125, 7.5625 ], "texture": "#glock" },
				"up": { "uv": [ 1.4375, 7.5625, 1.75, 7.5 ], "texture": "#glock" },
				"north": { "uv": [ 4.1875, 9.25, 3.875, 9.375 ], "texture": "#glock" },
				"south": { "uv": [ 3.875, 9, 4.1875, 9.125 ], "texture": "#glock" },
				"west": { "uv": [ 1.3125, 6, 1.375, 6.125 ], "texture": "#glock" },
				"east": { "uv": [ 1.375, 5.75, 1.3125, 5.875 ], "texture": "#glock" }
			}
		},
		{
			"__comment": "Voxels",
			"from": [ 6.5, 10, 18 ],
			"to": [ 9, 12, 18.5 ],
			"faces": {
				"down": { "uv": [ 1.875, 7.5, 2.1875, 7.5625 ], "texture": "#glock" },
				"up": { "uv": [ 2.3125, 7.5625, 2.625, 7.5 ], "texture": "#glock" },
				"north": { "uv": [ 3.5625, 10.625, 3.25, 10.875 ], "texture": "#glock" },
				"south": { "uv": [ 2.125, 9.75, 2.4375, 10 ], "texture": "#glock" },
				"west": { "uv": [ 0.5625, 6.125, 0.625, 6.375 ], "texture": "#glock" },
				"east": { "uv": [ 0.3125, 0.125, 0.25, 0.375 ], "texture": "#glock" }
			}
		},
		{
			"__comment": "Voxels",
			"from": [ 6.5, 11, 13.5 ],
			"to": [ 8.5, 12, 14 ],
			"faces": {
				"down": { "uv": [ 7.0625, 7.3125, 7.3125, 7.375 ], "texture": "#glock" },
				"up": { "uv": [ 6.6875, 7.375, 6.9375, 7.3125 ], "texture": "#glock" },
				"north": { "uv": [ 5.1875, 9.25, 4.9375, 9.375 ], "texture": "#glock" },
				"south": { "uv": [ 4.9375, 9, 5.1875, 9.125 ], "texture": "#glock" },
				"west": { "uv": [ 1.3125, 5.5, 1.375, 5.625 ], "texture": "#glock" },
				"east": { "uv": [ 1.375, 5.25, 1.3125, 5.375 ], "texture": "#glock" }
			}
		},
		{
			"__comment": "Voxels",
			"from": [ 6.5, 11.5, 1.5 ],
			"to": [ 9, 12, 13.5 ],
			"faces": {
				"down": { "uv": [ 3.5625, 12.625, 3.875, 14.125 ], "texture": "#glock" },
				"up": { "uv": [ 3.125, 14.125, 3.4375, 12.625 ], "texture": "#glock" },
				"north": { "uv": [ 3.0625, 7.5, 2.75, 7.5625 ], "texture": "#glock" },
				"south": { "uv": [ 3.1875, 7.5, 3.5, 7.5625 ], "texture": "#glock" },
				"west": { "uv": [ 6.3125, 11.1875, 7.8125, 11.25 ], "texture": "#glock" },
				"east": { "uv": [ 7.8125, 11, 6.3125, 11.0625 ], "texture": "#glock" }
			}
		},
		{
			"__comment": "Voxels",
			"from": [ 6.5, 12, -4.5 ],
			"to": [ 9, 14.5, 1.5 ],
			"faces": {
				"down": { "uv": [ 0, 10.5, 0.3125, 11.25 ], "texture": "#glock" },
				"up": { "uv": [ 7.5625, 12.75, 7.875, 12 ], "texture": "#glock" },
				"north": { "uv": [ 7.4375, 11.375, 7.125, 11.6875 ], "texture": "#glock" },
				"south": { "uv": [ 2, 10.5625, 2.3125, 10.875 ], "texture": "#glock" },
				"west": { "uv": [ 0.875, 11.375, 1.625, 11.6875 ], "texture": "#glock" },
				"east": { "uv": [ 0.75, 11.375, 0, 11.6875 ], "texture": "#glock" }
			}
		},
		{
			"__comment": "Voxels",
			"from": [ 6.5, 12, 18.5 ],
			"to": [ 9, 13, 19 ],
			"faces": {
				"down": { "uv": [ 3.625, 7.5, 3.9375, 7.5625 ], "texture": "#glock" },
				"up": { "uv": [ 6.25, 7.5625, 6.5625, 7.5 ], "texture": "#glock" },
				"north": { "uv": [ 3.75, 9.25, 3.4375, 9.375 ], "texture": "#glock" },
				"south": { "uv": [ 2.625, 8, 2.9375, 8.125 ], "texture": "#glock" },
				"west": { "uv": [ 1.3125, 4.5, 1.375, 4.625 ], "texture": "#glock" },
				"east": { "uv": [ 1.375, 3.75, 1.3125, 3.875 ], "texture": "#glock" }
			}
		},
		{
			"__comment": "Voxels",
			"from": [ 6.5, 13, 19 ],
			"to": [ 9, 13.5, 19.5 ],
			"faces": {
				"down": { "uv": [ 4.5, 7.5, 4.8125, 7.5625 ], "texture": "#glock" },
				"up": { "uv": [ 4.9375, 7.5625, 5.25, 7.5 ], "texture": "#glock" },
				"north": { "uv": [ 5.6875, 7.5, 5.375, 7.5625 ], "texture": "#glock" },
				"south": { "uv": [ 5.8125, 7.5, 6.125, 7.5625 ], "texture": "#glock" },
				"west": { "uv": [ 5.625, 6.5625, 5.6875, 6.625 ], "texture": "#glock" },
				"east": { "uv": [ 7.25, 6.75, 7.1875, 6.8125 ], "texture": "#glock" }
			}
		},
		{
			"__comment": "Voxels",
			"from": [ 6.5, 14, 1.5 ],
			"to": [ 9, 14.5, 20 ],
			"faces": {
				"down": { "uv": [ 0, 11.8125, 0.3125, 14.125 ], "texture": "#glock" },
				"up": { "uv": [ 0.4375, 14.125, 0.75, 11.8125 ], "texture": "#glock" },
				"north": { "uv": [ 3.5, 7.3125, 3.1875, 7.375 ], "texture": "#glock" },
				"south": { "uv": [ 6.6875, 7.5, 7, 7.5625 ], "texture": "#glock" },
				"west": { "uv": [ 1.5625, 11.1875, 3.875, 11.25 ], "texture": "#glock" },
				"east": { "uv": [ 3.875, 11, 1.5625, 11.0625 ], "texture": "#glock" }
			}
		},
		{
			"__comment": "Voxels",
			"from": [ 6.5, 16.5, -5 ],
			"to": [ 9, 17, -1.5 ],
			"faces": {
				"down": { "uv": [ 7.5625, 13.6875, 7.875, 14.125 ], "texture": "#glock" },
				"up": { "uv": [ 4.625, 11.25, 4.9375, 10.8125 ], "texture": "#glock" },
				"north": { "uv": [ 2.1875, 7.3125, 1.875, 7.375 ], "texture": "#glock" },
				"south": { "uv": [ 7.125, 7.5, 7.4375, 7.5625 ], "texture": "#glock" },
				"west": { "uv": [ 6.125, 8, 6.5625, 8.0625 ], "texture": "#glock" },
				"east": { "uv": [ 7.125, 9.125, 6.6875, 9.1875 ], "texture": "#glock" }
			}
		},
		{
			"__comment": "Voxels",
			"from": [ 6.5, 16.5, -1.5 ],
			"to": [ 7, 17, 20 ],
			"faces": {
				"down": { "uv": [ 0, 0.375, 0.0625, 3.0625 ], "texture": "#glock" },
				"up": { "uv": [ 0, 5.875, 0.0625, 3.1875 ], "texture": "#glock" },
				"north": { "uv": [ 1.375, 2, 1.3125, 2.0625 ], "texture": "#glock" },
				"south": { "uv": [ 1.3125, 2.1875, 1.375, 2.25 ], "texture": "#glock" },
				"west": { "uv": [ 1.75, 11.4375, 4.4375, 11.5 ], "texture": "#glock" },
				"east": { "uv": [ 4.4375, 11.625, 1.75, 11.6875 ], "texture": "#glock" }
			}
		},
		{
			"__comment": "Voxels",
			"from": [ 6.5, 17, 17.5 ],
			"to": [ 7.5, 17.5, 18.5 ],
			"faces": {
				"down": { "uv": [ 0.25, 1.5, 0.375, 1.625 ], "texture": "#glock" },
				"up": { "uv": [ 0, 0.25, 0.125, 0.125 ], "texture": "#glock" },
				"north": { "uv": [ 7.375, 6.9375, 7.25, 7 ], "texture": "#glock" },
				"south": { "uv": [ 7, 6.9375, 7.125, 7 ], "texture": "#glock" },
				"west": { "uv": [ 6.75, 6.9375, 6.875, 7 ], "texture": "#glock" },
				"east": { "uv": [ 7.875, 7.6875, 7.75, 7.75 ], "texture": "#glock" }
			}
		},
		{
			"__comment": "Voxels",
			"from": [ 7, -9, 16.5 ],
			"to": [ 8.5, 0, 17 ],
			"faces": {
				"down": { "uv": [ 2.8125, 7.125, 3, 7.1875 ], "texture": "#glock" },
				"up": { "uv": [ 1.875, 7.1875, 2.0625, 7.125 ], "texture": "#glock" },
				"north": { "uv": [ 2.375, 7.125, 2.1875, 7.1875 ], "texture": "#glock" },
				"south": { "uv": [ 2.5, 7.125, 2.6875, 7.1875 ], "texture": "#glock" },
				"west": { "uv": [ 5.6875, 6.75, 5.75, 6.8125 ], "texture": "#glock" },
				"east": { "uv": [ 2.5625, 6.75, 2.5, 6.8125 ], "texture": "#glock" }
			}
		},
		{
			"__comment": "Voxels",
			"from": [ 7, -9, 20.5 ],
			"to": [ 8.5, 0, 21 ],
			"faces": {
				"down": { "uv": [ 4.0625, 7.125, 4.25, 7.1875 ], "texture": "#glock" },
				"up": { "uv": [ 5, 7.1875, 5.1875, 7.125 ], "texture": "#glock" },
				"north": { "uv": [ 5.5, 7.125, 5.3125, 7.1875 ], "texture": "#glock" },
				"south": { "uv": [ 5.625, 7.125, 5.8125, 7.1875 ], "texture": "#glock" },
				"west": { "uv": [ 1.3125, 1.4375, 1.375, 1.5 ], "texture": "#glock" },
				"east": { "uv": [ 2.375, 6.75, 2.3125, 6.8125 ], "texture": "#glock" }
			}
		},
		{
			"__comment": "Voxels",
			"from": [ 7, 1, 16 ],
			"to": [ 8.5, 2, 16.5 ],
			"faces": {
				"down": { "uv": [ 7.1875, 7.125, 7.375, 7.1875 ], "texture": "#glock" },
				"up": { "uv": [ 3.3125, 7, 3.5, 6.9375 ], "texture": "#glock" },
				"north": { "uv": [ 0.4375, 4.6875, 0.25, 4.8125 ], "texture": "#glock" },
				"south": { "uv": [ 0.25, 2.9375, 0.4375, 3.0625 ], "texture": "#glock" },
				"west": { "uv": [ 1.3125, 3.5, 1.375, 3.625 ], "texture": "#glock" },
				"east": { "uv": [ 1.375, 3.25, 1.3125, 3.375 ], "texture": "#glock" }
			}
		},
		{
			"__comment": "Voxels",
			"from": [ 7, 1, 21.5 ],
			"to": [ 8.5, 3, 22 ],
			"faces": {
				"down": { "uv": [ 5.5, 6.9375, 5.6875, 7 ], "texture": "#glock" },
				"up": { "uv": [ 5.8125, 7, 6, 6.9375 ], "texture": "#glock" },
				"north": { "uv": [ 2.5, 8, 2.3125, 8.25 ], "texture": "#glock" },
				"south": { "uv": [ 3.25, 9.6875, 3.4375, 9.9375 ], "texture": "#glock" },
				"west": { "uv": [ 7.8125, 14.25, 7.875, 14.5 ], "texture": "#glock" },
				"east": { "uv": [ 5.75, 13.125, 5.6875, 13.375 ], "texture": "#glock" }
			}
		},
		{
			"__comment": "Voxels",
			"from": [ 7, 2.5, 15.5 ],
			"to": [ 8.5, 3.5, 16 ],
			"faces": {
				"down": { "uv": [ 6.25, 7.125, 6.4375, 7.1875 ], "texture": "#glock" },
				"up": { "uv": [ 6.5625, 7.1875, 6.75, 7.125 ], "texture": "#glock" },
				"north": { "uv": [ 0.4375, 2.6875, 0.25, 2.8125 ], "texture": "#glock" },
				"south": { "uv": [ 0.25, 2.1875, 0.4375, 2.3125 ], "texture": "#glock" },
				"west": { "uv": [ 1.3125, 3, 1.375, 3.125 ], "texture": "#glock" },
				"east": { "uv": [ 1.375, 2.75, 1.3125, 2.875 ], "texture": "#glock" }
			}
		},
		{
			"__comment": "Voxels",
			"from": [ 7, 3.5, 21 ],
			"to": [ 8.5, 4.5, 21.5 ],
			"faces": {
				"down": { "uv": [ 7.5, 7.125, 7.6875, 7.1875 ], "texture": "#glock" },
				"up": { "uv": [ 1.125, 7, 1.3125, 6.9375 ], "texture": "#glock" },
				"north": { "uv": [ 0.4375, 7.1875, 0.25, 7.3125 ], "texture": "#glock" },
				"south": { "uv": [ 0.25, 2.4375, 0.4375, 2.5625 ], "texture": "#glock" },
				"west": { "uv": [ 3.0625, 8.25, 3.125, 8.375 ], "texture": "#glock" },
				"east": { "uv": [ 1, 1.5625, 0.9375, 1.6875 ], "texture": "#glock" }
			}
		},
		{
			"__comment": "Voxels",
			"from": [ 7, 4, 15 ],
			"to": [ 8.5, 5, 15.5 ],
			"faces": {
				"down": { "uv": [ 0.5625, 1.125, 0.75, 1.1875 ], "texture": "#glock" },
				"up": { "uv": [ 0.5625, 1.375, 0.75, 1.3125 ], "texture": "#glock" },
				"north": { "uv": [ 0.4375, 7.4375, 0.25, 7.5625 ], "texture": "#glock" },
				"south": { "uv": [ 0.25, 6.4375, 0.4375, 6.5625 ], "texture": "#glock" },
				"west": { "uv": [ 0.9375, 1.3125, 1, 1.4375 ], "texture": "#glock" },
				"east": { "uv": [ 1, 0.5625, 0.9375, 0.6875 ], "texture": "#glock" }
			}
		},
		{
			"__comment": "Voxels",
			"from": [ 7, 4.5, 20.5 ],
			"to": [ 8.5, 6, 21 ],
			"faces": {
				"down": { "uv": [ 0.5625, 2.25, 0.75, 2.3125 ], "texture": "#glock" },
				"up": { "uv": [ 0.5625, 4.8125, 0.75, 4.75 ], "texture": "#glock" },
				"north": { "uv": [ 4.0625, 8.1875, 3.875, 8.375 ], "texture": "#glock" },
				"south": { "uv": [ 4.3125, 9.1875, 4.5, 9.375 ], "texture": "#glock" },
				"west": { "uv": [ 0.75, 0.8125, 0.8125, 1 ], "texture": "#glock" },
				"east": { "uv": [ 1, 2.4375, 0.9375, 2.625 ], "texture": "#glock" }
			}
		},
		{
			"__comment": "Voxels",
			"from": [ 7, 5, 14.5 ],
			"to": [ 8.5, 6.5, 15 ],
			"faces": {
				"down": { "uv": [ 6.4375, 6.9375, 6.625, 7 ], "texture": "#glock" },
				"up": { "uv": [ 6.125, 7, 6.3125, 6.9375 ], "texture": "#glock" },
				"north": { "uv": [ 4.5, 8.875, 4.3125, 9.0625 ], "texture": "#glock" },
				"south": { "uv": [ 3.875, 7.875, 4.0625, 8.0625 ], "texture": "#glock" },
				"west": { "uv": [ 0.9375, 6.8125, 1, 7 ], "texture": "#glock" },
				"east": { "uv": [ 1, 6.5, 0.9375, 6.6875 ], "texture": "#glock" }
			}
		},
		{
			"__comment": "Voxels",
			"from": [ 7, 6, 20 ],
			"to": [ 8.5, 7, 20.5 ],
			"faces": {
				"down": { "uv": [ 4.875, 6.9375, 5.0625, 7 ], "texture": "#glock" },
				"up": { "uv": [ 5.1875, 7, 5.375, 6.9375 ], "texture": "#glock" },
				"north": { "uv": [ 0.4375, 6.6875, 0.25, 6.8125 ], "texture": "#glock" },
				"south": { "uv": [ 0.25, 3.6875, 0.4375, 3.8125 ], "texture": "#glock" },
				"west": { "uv": [ 0.9375, 0.3125, 1, 0.4375 ], "texture": "#glock" },
				"east": { "uv": [ 1.1875, 6.6875, 1.125, 6.8125 ], "texture": "#glock" }
			}
		},
		{
			"__comment": "Voxels",
			"from": [ 7, 6.5, 14 ],
			"to": [ 8.5, 7.5, 14.5 ],
			"faces": {
				"down": { "uv": [ 0.5625, 1.5, 0.75, 1.5625 ], "texture": "#glock" },
				"up": { "uv": [ 0.5625, 2.125, 0.75, 2.0625 ], "texture": "#glock" },
				"north": { "uv": [ 0.4375, 4.1875, 0.25, 4.3125 ], "texture": "#glock" },
				"south": { "uv": [ 0.25, 4.4375, 0.4375, 4.5625 ], "texture": "#glock" },
				"west": { "uv": [ 1.125, 6.4375, 1.1875, 6.5625 ], "texture": "#glock" },
				"east": { "uv": [ 1.1875, 6.1875, 1.125, 6.3125 ], "texture": "#glock" }
			}
		},
		{
			"__comment": "Voxels",
			"from": [ 7, 7, 7.5 ],
			"to": [ 8.5, 11.5, 8 ],
			"faces": {
				"down": { "uv": [ 6.875, 7.125, 7.0625, 7.1875 ], "texture": "#glock" },
				"up": { "uv": [ 3.75, 7.1875, 3.9375, 7.125 ], "texture": "#glock" },
				"north": { "uv": [ 6.1875, 10.6875, 6, 11.25 ], "texture": "#glock" },
				"south": { "uv": [ 5.6875, 10.6875, 5.875, 11.25 ], "texture": "#glock" },
				"west": { "uv": [ 4.625, 8.5, 4.6875, 9.0625 ], "texture": "#glock" },
				"east": { "uv": [ 3.6875, 8.3125, 3.625, 8.875 ], "texture": "#glock" }
			}
		},
		{
			"__comment": "Voxels",
			"from": [ 7, 7, 8 ],
			"to": [ 8.5, 8, 13.5 ],
			"faces": {
				"down": { "uv": [ 5.375, 10.5625, 5.5625, 11.25 ], "texture": "#glock" },
				"up": { "uv": [ 5.0625, 11.25, 5.25, 10.5625 ], "texture": "#glock" },
				"north": { "uv": [ 0.4375, 5.9375, 0.25, 6.0625 ], "texture": "#glock" },
				"south": { "uv": [ 0.25, 3.4375, 0.4375, 3.5625 ], "texture": "#glock" },
				"west": { "uv": [ 2.4375, 10.75, 3.125, 10.875 ], "texture": "#glock" },
				"east": { "uv": [ 3.125, 10.5, 2.4375, 10.625 ], "texture": "#glock" }
			}
		},
		{
			"__comment": "Voxels",
			"from": [ 7, 7.5, 7 ],
			"to": [ 8.5, 11.5, 7.5 ],
			"faces": {
				"down": { "uv": [ 5.6875, 10.5, 5.875, 10.5625 ], "texture": "#glock" },
				"up": { "uv": [ 6, 10.5625, 6.1875, 10.5 ], "texture": "#glock" },
				"north": { "uv": [ 2, 9.875, 1.8125, 10.375 ], "texture": "#glock" },
				"south": { "uv": [ 1.5, 9.875, 1.6875, 10.375 ], "texture": "#glock" },
				"west": { "uv": [ 4.625, 7.875, 4.6875, 8.375 ], "texture": "#glock" },
				"east": { "uv": [ 5, 8.375, 4.9375, 8.875 ], "texture": "#glock" }
			}
		},
		{
			"__comment": "Voxels",
			"from": [ 7, 7.5, 13.5 ],
			"to": [ 8.5, 9, 14 ],
			"faces": {
				"down": { "uv": [ 3.25, 9.5, 3.4375, 9.5625 ], "texture": "#glock" },
				"up": { "uv": [ 0.5625, 6, 0.75, 5.9375 ], "texture": "#glock" },
				"north": { "uv": [ 4.5, 8.25, 4.3125, 8.4375 ], "texture": "#glock" },
				"south": { "uv": [ 4.3125, 8.5625, 4.5, 8.75 ], "texture": "#glock" },
				"west": { "uv": [ 0.75, 5.625, 0.8125, 5.8125 ], "texture": "#glock" },
				"east": { "uv": [ 0.625, 5.3125, 0.5625, 5.5 ], "texture": "#glock" }
			}
		},
		{
			"__comment": "Voxels",
			"from": [ 7, 7.5, 19.5 ],
			"to": [ 8.5, 8.5, 20 ],
			"faces": {
				"down": { "uv": [ 0.5625, 5.125, 0.75, 5.1875 ], "texture": "#glock" },
				"up": { "uv": [ 0.5625, 5, 0.75, 4.9375 ], "texture": "#glock" },
				"north": { "uv": [ 5.125, 8.125, 4.9375, 8.25 ], "texture": "#glock" },
				"south": { "uv": [ 0.25, 3.1875, 0.4375, 3.3125 ], "texture": "#glock" },
				"west": { "uv": [ 1.3125, 4.25, 1.375, 4.375 ], "texture": "#glock" },
				"east": { "uv": [ 1.375, 4, 1.3125, 4.125 ], "texture": "#glock" }
			}
		},
		{
			"__comment": "Voxels",
			"from": [ 7, 8, 13 ],
			"to": [ 8.5, 8.5, 13.5 ],
			"faces": {
				"down": { "uv": [ 0.5625, 4.5625, 0.75, 4.625 ], "texture": "#glock" },
				"up": { "uv": [ 0.5625, 4.4375, 0.75, 4.375 ], "texture": "#glock" },
				"north": { "uv": [ 0.75, 4.1875, 0.5625, 4.25 ], "texture": "#glock" },
				"south": { "uv": [ 0.5625, 4, 0.75, 4.0625 ], "texture": "#glock" },
				"west": { "uv": [ 5.875, 6.75, 5.9375, 6.8125 ], "texture": "#glock" },
				"east": { "uv": [ 7.4375, 6.75, 7.375, 6.8125 ], "texture": "#glock" }
			}
		},
		{
			"__comment": "Voxels",
			"from": [ 7, 9, 19 ],
			"to": [ 8.5, 10, 19.5 ],
			"faces": {
				"down": { "uv": [ 0.5625, 3.8125, 0.75, 3.875 ], "texture": "#glock" },
				"up": { "uv": [ 0.5625, 3.6875, 0.75, 3.625 ], "texture": "#glock" },
				"north": { "uv": [ 0.4375, 5.1875, 0.25, 5.3125 ], "texture": "#glock" },
				"south": { "uv": [ 0.25, 6.1875, 0.4375, 6.3125 ], "texture": "#glock" },
				"west": { "uv": [ 0.9375, 1.0625, 1, 1.1875 ], "texture": "#glock" },
				"east": { "uv": [ 1, 0.8125, 0.9375, 0.9375 ], "texture": "#glock" }
			}
		},
		{
			"__comment": "Voxels",
			"from": [ 7, 9.5, 13 ],
			"to": [ 8.5, 11.5, 13.5 ],
			"faces": {
				"down": { "uv": [ 0.5625, 3.125, 0.75, 3.1875 ], "texture": "#glock" },
				"up": { "uv": [ 0.5625, 3, 0.75, 2.9375 ], "texture": "#glock" },
				"north": { "uv": [ 1.6875, 9.5, 1.5, 9.75 ], "texture": "#glock" },
				"south": { "uv": [ 1.8125, 9.5, 2, 9.75 ], "texture": "#glock" },
				"west": { "uv": [ 3.0625, 7.875, 3.125, 8.125 ], "texture": "#glock" },
				"east": { "uv": [ 0.3125, 1.125, 0.25, 1.375 ], "texture": "#glock" }
			}
		},
		{
			"__comment": "Voxels",
			"from": [ 7, 10, 18.5 ],
			"to": [ 8.5, 12, 19 ],
			"faces": {
				"down": { "uv": [ 5.9375, 7.125, 6.125, 7.1875 ], "texture": "#glock" },
				"up": { "uv": [ 0.5625, 2.5, 0.75, 2.4375 ], "texture": "#glock" },
				"north": { "uv": [ 6.8125, 9.75, 6.625, 10 ], "texture": "#glock" },
				"south": { "uv": [ 2.3125, 8.375, 2.5, 8.625 ], "texture": "#glock" },
				"west": { "uv": [ 0.25, 0.75, 0.3125, 1 ], "texture": "#glock" },
				"east": { "uv": [ 1.4375, 7.875, 1.375, 8.125 ], "texture": "#glock" }
			}
		},
		{
			"__comment": "Voxels",
			"from": [ 7, 10.5, 12.5 ],
			"to": [ 8.5, 11.5, 13 ],
			"faces": {
				"down": { "uv": [ 0.5625, 1.875, 0.75, 1.9375 ], "texture": "#glock" },
				"up": { "uv": [ 0.5625, 1.75, 0.75, 1.6875 ], "texture": "#glock" },
				"north": { "uv": [ 0.4375, 4.9375, 0.25, 5.0625 ], "texture": "#glock" },
				"south": { "uv": [ 4.9375, 7.875, 5.125, 8 ], "texture": "#glock" },
				"west": { "uv": [ 1.125, 4.6875, 1.1875, 4.8125 ], "texture": "#glock" },
				"east": { "uv": [ 1.1875, 4.4375, 1.125, 4.5625 ], "texture": "#glock" }
			}
		},
		{
			"__comment": "Voxels",
			"from": [ 7, 11, 11.5 ],
			"to": [ 8.5, 11.5, 12.5 ],
			"faces": {
				"down": { "uv": [ 0.25, 6.9375, 0.4375, 7.0625 ], "texture": "#glock" },
				"up": { "uv": [ 0.25, 4.0625, 0.4375, 3.9375 ], "texture": "#glock" },
				"north": { "uv": [ 0.75, 0.625, 0.5625, 0.6875 ], "texture": "#glock" },
				"south": { "uv": [ 0.5625, 0.4375, 0.75, 0.5 ], "texture": "#glock" },
				"west": { "uv": [ 7.75, 6.9375, 7.875, 7 ], "texture": "#glock" },
				"east": { "uv": [ 1.4375, 6.75, 1.3125, 6.8125 ], "texture": "#glock" }
			}
		},
		{
			"__comment": "Voxels",
			"from": [ 7, 11.5, -4.5 ],
			"to": [ 8.5, 12, 1.5 ],
			"faces": {
				"down": { "uv": [ 4.3125, 10.5, 4.5, 11.25 ], "texture": "#glock" },
				"up": { "uv": [ 4, 11.25, 4.1875, 10.5 ], "texture": "#glock" },
				"north": { "uv": [ 0.75, 0.25, 0.5625, 0.3125 ], "texture": "#glock" },
				"south": { "uv": [ 0.9375, 7.125, 1.125, 7.1875 ], "texture": "#glock" },
				"west": { "uv": [ 2.3125, 8.75, 3.0625, 8.8125 ], "texture": "#glock" },
				"east": { "uv": [ 3.0625, 8.9375, 2.3125, 9 ], "texture": "#glock" }
			}
		},
		{
			"__comment": "Voxels",
			"from": [ 7, 12, -5 ],
			"to": [ 8.5, 14.5, -4.5 ],
			"faces": {
				"down": { "uv": [ 1.25, 7.125, 1.4375, 7.1875 ], "texture": "#glock" },
				"up": { "uv": [ 1.5625, 7.1875, 1.75, 7.125 ], "texture": "#glock" },
				"north": { "uv": [ 3.4375, 10.0625, 3.25, 10.375 ], "texture": "#glock" },
				"south": { "uv": [ 3.6875, 10.5625, 3.875, 10.875 ], "texture": "#glock" },
				"west": { "uv": [ 1.75, 7.9375, 1.8125, 8.25 ], "texture": "#glock" },
				"east": { "uv": [ 5.375, 8.4375, 5.3125, 8.75 ], "texture": "#glock" }
			}
		},
		{
			"__comment": "Voxels",
			"from": [ 7, 12, 19 ],
			"to": [ 8.5, 13, 19.5 ],
			"faces": {
				"down": { "uv": [ 3.125, 7.125, 3.3125, 7.1875 ], "texture": "#glock" },
				"up": { "uv": [ 3.4375, 7.1875, 3.625, 7.125 ], "texture": "#glock" },
				"north": { "uv": [ 0.4375, 5.6875, 0.25, 5.8125 ], "texture": "#glock" },
				"south": { "uv": [ 0.25, 5.4375, 0.4375, 5.5625 ], "texture": "#glock" },
				"west": { "uv": [ 7.8125, 9.5, 7.875, 9.625 ], "texture": "#glock" },
				"east": { "uv": [ 3.125, 8.5, 3.0625, 8.625 ], "texture": "#glock" }
			}
		},
		{
			"__comment": "Voxels",
			"from": [ 7, 15, -5.5 ],
			"to": [ 8.5, 16.5, -5 ],
			"faces": {
				"down": { "uv": [ 4.375, 7.125, 4.5625, 7.1875 ], "texture": "#glock" },
				"up": { "uv": [ 4.6875, 7.1875, 4.875, 7.125 ], "texture": "#glock" },
				"north": { "uv": [ 4.5, 7.9375, 4.3125, 8.125 ], "texture": "#glock" },
				"south": { "uv": [ 4.625, 9.1875, 4.8125, 9.375 ], "texture": "#glock" },
				"west": { "uv": [ 0.9375, 6.1875, 1, 6.375 ], "texture": "#glock" },
				"east": { "uv": [ 1, 5.875, 0.9375, 6.0625 ], "texture": "#glock" }
			}
		},
		{
			"__comment": "Voxels",
			"from": [ 7, 16.5, 2.5 ],
			"to": [ 9, 17, 9 ],
			"faces": {
				"down": { "uv": [ 1.125, 9.5625, 1.375, 10.375 ], "texture": "#glock" },
				"up": { "uv": [ 0.75, 10.375, 1, 9.5625 ], "texture": "#glock" },
				"north": { "uv": [ 7.6875, 7.3125, 7.4375, 7.375 ], "texture": "#glock" },
				"south": { "uv": [ 0.5625, 7.125, 0.8125, 7.1875 ], "texture": "#glock" },
				"west": { "uv": [ 2.3125, 9.125, 3.125, 9.1875 ], "texture": "#glock" },
				"east": { "uv": [ 3.125, 9.3125, 2.3125, 9.375 ], "texture": "#glock" }
			}
		},
		{
			"__comment": "Voxels",
			"from": [ 7, 16.5, 13 ],
			"to": [ 9, 17, 20 ],
			"faces": {
				"down": { "uv": [ 0.375, 9.5, 0.625, 10.375 ], "texture": "#glock" },
				"up": { "uv": [ 0, 10.375, 0.25, 9.5 ], "texture": "#glock" },
				"north": { "uv": [ 0.8125, 6.9375, 0.5625, 7 ], "texture": "#glock" },
				"south": { "uv": [ 0.5625, 6.75, 0.8125, 6.8125 ], "texture": "#glock" },
				"west": { "uv": [ 6.0625, 10.125, 6.9375, 10.1875 ], "texture": "#glock" },
				"east": { "uv": [ 6.9375, 10.3125, 6.0625, 10.375 ], "texture": "#glock" }
			}
		},
		{
			"__comment": "Voxels",
			"from": [ 7, 17, 17 ],
			"to": [ 7.5, 17.5, 17.5 ],
			"faces": {
				"down": { "uv": [ 1.3125, 1.25, 1.375, 1.3125 ], "texture": "#glock" },
				"up": { "uv": [ 3.375, 6.625, 3.4375, 6.5625 ], "texture": "#glock" },
				"north": { "uv": [ 3.625, 6.5625, 3.5625, 6.625 ], "texture": "#glock" },
				"south": { "uv": [ 4.875, 6.5625, 4.9375, 6.625 ], "texture": "#glock" },
				"west": { "uv": [ 5.0625, 6.5625, 5.125, 6.625 ], "texture": "#glock" },
				"east": { "uv": [ 5.3125, 6.5625, 5.25, 6.625 ], "texture": "#glock" }
			}
		},
		{
			"__comment": "Voxels",
			"from": [ 7, 17.5, 18 ],
			"to": [ 7.5, 18, 18.5 ],
			"faces": {
				"down": { "uv": [ 5.4375, 6.5625, 5.5, 6.625 ], "texture": "#glock" },
				"up": { "uv": [ 7.8125, 10.875, 7.875, 10.8125 ], "texture": "#glock" },
				"north": { "uv": [ 0.6875, 7.875, 0.625, 7.9375 ], "texture": "#glock" },
				"south": { "uv": [ 7.8125, 7.3125, 7.875, 7.375 ], "texture": "#glock" },
				"west": { "uv": [ 7.8125, 7.125, 7.875, 7.1875 ], "texture": "#glock" },
				"east": { "uv": [ 1, 0.125, 0.9375, 0.1875 ], "texture": "#glock" }
			}
		},
		{
			"__comment": "Voxels",
			"from": [ 7.5, 8.5, 10 ],
			"to": [ 8, 9, 11.5 ],
			"faces": {
				"down": { "uv": [ 0.9375, 4.625, 1, 4.8125 ], "texture": "#glock" },
				"up": { "uv": [ 0.9375, 4.5, 1, 4.3125 ], "texture": "#glock" },
				"north": { "uv": [ 5.375, 6.75, 5.3125, 6.8125 ], "texture": "#glock" },
				"south": { "uv": [ 5.5, 6.75, 5.5625, 6.8125 ], "texture": "#glock" },
				"west": { "uv": [ 1.4375, 6.9375, 1.625, 7 ], "texture": "#glock" },
				"east": { "uv": [ 1.9375, 6.9375, 1.75, 7 ], "texture": "#glock" }
			}
		},
		{
			"__comment": "Voxels",
			"from": [ 7.5, 9, 10.5 ],
			"to": [ 8, 9.5, 12 ],
			"faces": {
				"down": { "uv": [ 0.9375, 4, 1, 4.1875 ], "texture": "#glock" },
				"up": { "uv": [ 0.9375, 3.875, 1, 3.6875 ], "texture": "#glock" },
				"north": { "uv": [ 7.625, 6.75, 7.5625, 6.8125 ], "texture": "#glock" },
				"south": { "uv": [ 7.75, 6.75, 7.8125, 6.8125 ], "texture": "#glock" },
				"west": { "uv": [ 2.0625, 6.9375, 2.25, 7 ], "texture": "#glock" },
				"east": { "uv": [ 2.5625, 6.9375, 2.375, 7 ], "texture": "#glock" }
			}
		},
		{
			"__comment": "Voxels",
			"from": [ 7.5, 9.5, 11 ],
			"to": [ 8, 10, 12.5 ],
			"faces": {
				"down": { "uv": [ 0.9375, 3.375, 1, 3.5625 ], "texture": "#glock" },
				"up": { "uv": [ 0.9375, 3.25, 1, 3.0625 ], "texture": "#glock" },
				"north": { "uv": [ 2.6875, 6.5625, 2.625, 6.625 ], "texture": "#glock" },
				"south": { "uv": [ 2.8125, 6.5625, 2.875, 6.625 ], "texture": "#glock" },
				"west": { "uv": [ 2.6875, 6.9375, 2.875, 7 ], "texture": "#glock" },
				"east": { "uv": [ 3.1875, 6.9375, 3, 7 ], "texture": "#glock" }
			}
		},
		{
			"__comment": "Voxels",
			"from": [ 7.5, 10, 11.5 ],
			"to": [ 8, 11, 12.5 ],
			"faces": {
				"down": { "uv": [ 1.125, 2.9375, 1.1875, 3.0625 ], "texture": "#glock" },
				"up": { "uv": [ 1.125, 2.8125, 1.1875, 2.6875 ], "texture": "#glock" },
				"north": { "uv": [ 1.1875, 2.4375, 1.125, 2.5625 ], "texture": "#glock" },
				"south": { "uv": [ 1.125, 2.1875, 1.1875, 2.3125 ], "texture": "#glock" },
				"west": { "uv": [ 0.25, 0.5, 0.375, 0.625 ], "texture": "#glock" },
				"east": { "uv": [ 0.6875, 6.5, 0.5625, 6.625 ], "texture": "#glock" }
			}
		},
		{
			"__comment": "Voxels",
			"from": [ 7.5, 10, 12.5 ],
			"to": [ 8, 10.5, 13 ],
			"faces": {
				"down": { "uv": [ 7.8125, 9.3125, 7.875, 9.375 ], "texture": "#glock" },
				"up": { "uv": [ 7.8125, 9.1875, 7.875, 9.125 ], "texture": "#glock" },
				"north": { "uv": [ 7.875, 8.9375, 7.8125, 9 ], "texture": "#glock" },
				"south": { "uv": [ 7.8125, 8.75, 7.875, 8.8125 ], "texture": "#glock" },
				"west": { "uv": [ 7.8125, 8.5625, 7.875, 8.625 ], "texture": "#glock" },
				"east": { "uv": [ 7.875, 8.375, 7.8125, 8.4375 ], "texture": "#glock" }
			}
		},
		{
			"__comment": "Voxels",
			"from": [ 7.5, 10.5, 6.5 ],
			"to": [ 8, 11.5, 7 ],
			"faces": {
				"down": { "uv": [ 7.8125, 8.1875, 7.875, 8.25 ], "texture": "#glock" },
				"up": { "uv": [ 5.8125, 6.625, 5.875, 6.5625 ], "texture": "#glock" },
				"north": { "uv": [ 1.1875, 1.4375, 1.125, 1.5625 ], "texture": "#glock" },
				"south": { "uv": [ 1.125, 1.1875, 1.1875, 1.3125 ], "texture": "#glock" },
				"west": { "uv": [ 1.125, 0.9375, 1.1875, 1.0625 ], "texture": "#glock" },
				"east": { "uv": [ 1.1875, 0.6875, 1.125, 0.8125 ], "texture": "#glock" }
			}
		},
		{
			"__comment": "Voxels",
			"from": [ 7.5, 11, 6 ],
			"to": [ 8, 11.5, 6.5 ],
			"faces": {
				"down": { "uv": [ 2.6875, 6.75, 2.75, 6.8125 ], "texture": "#glock" },
				"up": { "uv": [ 2.875, 6.8125, 2.9375, 6.75 ], "texture": "#glock" },
				"north": { "uv": [ 3.125, 6.75, 3.0625, 6.8125 ], "texture": "#glock" },
				"south": { "uv": [ 3.25, 6.75, 3.3125, 6.8125 ], "texture": "#glock" },
				"west": { "uv": [ 3.4375, 6.75, 3.5, 6.8125 ], "texture": "#glock" },
				"east": { "uv": [ 3.6875, 6.75, 3.625, 6.8125 ], "texture": "#glock" }
			}
		},
		{
			"__comment": "Voxels",
			"from": [ 7.5, 11, 11 ],
			"to": [ 8, 11.5, 11.5 ],
			"faces": {
				"down": { "uv": [ 3.8125, 6.75, 3.875, 6.8125 ], "texture": "#glock" },
				"up": { "uv": [ 4, 6.8125, 4.0625, 6.75 ], "texture": "#glock" },
				"north": { "uv": [ 4.25, 6.75, 4.1875, 6.8125 ], "texture": "#glock" },
				"south": { "uv": [ 4.375, 6.75, 4.4375, 6.8125 ], "texture": "#glock" },
				"west": { "uv": [ 4.5625, 6.75, 4.625, 6.8125 ], "texture": "#glock" },
				"east": { "uv": [ 4.8125, 6.75, 4.75, 6.8125 ], "texture": "#glock" }
			}
		},
		{
			"__comment": "Voxels",
			"from": [ 7.5, 17, -4 ],
			"to": [ 8, 18, -3.5 ],
			"faces": {
				"down": { "uv": [ 4.9375, 6.75, 5, 6.8125 ], "texture": "#glock" },
				"up": { "uv": [ 5.125, 6.8125, 5.1875, 6.75 ], "texture": "#glock" },
				"north": { "uv": [ 1.1875, 0.4375, 1.125, 0.5625 ], "texture": "#glock" },
				"south": { "uv": [ 1.125, 0.1875, 1.1875, 0.3125 ], "texture": "#glock" },
				"west": { "uv": [ 1.3125, 6.5, 1.375, 6.625 ], "texture": "#glock" },
				"east": { "uv": [ 1.375, 6.25, 1.3125, 6.375 ], "texture": "#glock" }
			}
		},
		{
			"__comment": "Voxels",
			"from": [ 7.5, 17, -3.5 ],
			"to": [ 8, 17.5, -3 ],
			"faces": {
				"down": { "uv": [ 6.0625, 6.75, 6.125, 6.8125 ], "texture": "#glock" },
				"up": { "uv": [ 6.25, 6.8125, 6.3125, 6.75 ], "texture": "#glock" },
				"north": { "uv": [ 6.5, 6.75, 6.4375, 6.8125 ], "texture": "#glock" },
				"south": { "uv": [ 6.625, 6.75, 6.6875, 6.8125 ], "texture": "#glock" },
				"west": { "uv": [ 6.8125, 6.75, 6.875, 6.8125 ], "texture": "#glock" },
				"east": { "uv": [ 7.0625, 6.75, 7, 6.8125 ], "texture": "#glock" }
			}
		},
		{
			"__comment": "Voxels",
			"from": [ 7.5, 17, 18 ],
			"to": [ 9, 17.5, 18.5 ],
			"faces": {
				"down": { "uv": [ 3.625, 6.9375, 3.8125, 7 ], "texture": "#glock" },
				"up": { "uv": [ 3.9375, 7, 4.125, 6.9375 ], "texture": "#glock" },
				"north": { "uv": [ 4.4375, 6.9375, 4.25, 7 ], "texture": "#glock" },
				"south": { "uv": [ 4.5625, 6.9375, 4.75, 7 ], "texture": "#glock" },
				"west": { "uv": [ 1.3125, 2.5625, 1.375, 2.625 ], "texture": "#glock" },
				"east": { "uv": [ 1.375, 2.375, 1.3125, 2.4375 ], "texture": "#glock" }
			}
		},
		{
			"__comment": "Voxels",
			"from": [ 8, 17, 17 ],
			"to": [ 8.5, 17.5, 18 ],
			"faces": {
				"down": { "uv": [ 1.3125, 5, 1.375, 5.125 ], "texture": "#glock" },
				"up": { "uv": [ 1.3125, 4.875, 1.375, 4.75 ], "texture": "#glock" },
				"north": { "uv": [ 1.375, 1.8125, 1.3125, 1.875 ], "texture": "#glock" },
				"south": { "uv": [ 1.3125, 1.625, 1.375, 1.6875 ], "texture": "#glock" },
				"west": { "uv": [ 1.8125, 6.75, 1.9375, 6.8125 ], "texture": "#glock" },
				"east": { "uv": [ 2.1875, 6.75, 2.0625, 6.8125 ], "texture": "#glock" }
			}
		},
		{
			"__comment": "Voxels",
			"from": [ 8, 17.5, 18 ],
			"to": [ 8.5, 18, 18.5 ],
			"faces": {
				"down": { "uv": [ 1.3125, 1.0625, 1.375, 1.125 ], "texture": "#glock" },
				"up": { "uv": [ 1.3125, 0.9375, 1.375, 0.875 ], "texture": "#glock" },
				"north": { "uv": [ 1.375, 0.6875, 1.3125, 0.75 ], "texture": "#glock" },
				"south": { "uv": [ 1.3125, 0.5, 1.375, 0.5625 ], "texture": "#glock" },
				"west": { "uv": [ 1.3125, 0.3125, 1.375, 0.375 ], "texture": "#glock" },
				"east": { "uv": [ 1.375, 0.125, 1.3125, 0.1875 ], "texture": "#glock" }
			}
		},
		{
			"__comment": "Voxels",
			"from": [ 8.5, 11.5, 13.5 ],
			"to": [ 9, 12, 14 ],
			"faces": {
				"down": { "uv": [ 1.5, 6.5625, 1.5625, 6.625 ], "texture": "#glock" },
				"up": { "uv": [ 1.6875, 6.625, 1.75, 6.5625 ], "texture": "#glock" },
				"north": { "uv": [ 1.9375, 6.5625, 1.875, 6.625 ], "texture": "#glock" },
				"south": { "uv": [ 2.0625, 6.5625, 2.125, 6.625 ], "texture": "#glock" },
				"west": { "uv": [ 2.25, 6.5625, 2.3125, 6.625 ], "texture": "#glock" },
				"east": { "uv": [ 2.5, 6.5625, 2.4375, 6.625 ], "texture": "#glock" }
			}
		},
		{
			"__comment": "Voxels",
			"from": [ 8.5, 16.5, -1.5 ],
			"to": [ 9, 17, 2.5 ],
			"faces": {
				"down": { "uv": [ 5.125, 8.375, 5.1875, 8.875 ], "texture": "#glock" },
				"up": { "uv": [ 5.3125, 9.375, 5.375, 8.875 ], "texture": "#glock" },
				"north": { "uv": [ 3.0625, 6.5625, 3, 6.625 ], "texture": "#glock" },
				"south": { "uv": [ 3.1875, 6.5625, 3.25, 6.625 ], "texture": "#glock" },
				"west": { "uv": [ 5.5, 9.3125, 6, 9.375 ], "texture": "#glock" },
				"east": { "uv": [ 6, 9.125, 5.5, 9.1875 ], "texture": "#glock" }
			}
		},
		{
			"__comment": "Voxels",
			"from": [ 8.5, 17, 17.5 ],
			"to": [ 9, 17.5, 18 ],
			"faces": {
				"down": { "uv": [ 3.75, 6.5625, 3.8125, 6.625 ], "texture": "#glock" },
				"up": { "uv": [ 3.9375, 6.625, 4, 6.5625 ], "texture": "#glock" },
				"north": { "uv": [ 4.1875, 6.5625, 4.125, 6.625 ], "texture": "#glock" },
				"south": { "uv": [ 4.3125, 6.5625, 4.375, 6.625 ], "texture": "#glock" },
				"west": { "uv": [ 4.5, 6.5625, 4.5625, 6.625 ], "texture": "#glock" },
				"east": { "uv": [ 4.75, 6.5625, 4.6875, 6.625 ], "texture": "#glock" }
			}
		},
		{
			"__comment": "Voxels",
			"from": [ 9, 15, 13 ],
			"to": [ 9.5, 16.5, 20 ],
			"faces": {
				"down": { "uv": [ 5.875, 9.5, 5.9375, 10.375 ], "texture": "#glock" },
				"up": { "uv": [ 7.0625, 10.375, 7.125, 9.5 ], "texture": "#glock" },
				"north": { "uv": [ 1, 2.125, 0.9375, 2.3125 ], "texture": "#glock" },
				"south": { "uv": [ 0.9375, 1.8125, 1, 2 ], "texture": "#glock" },
				"west": { "uv": [ 4.5625, 11.5, 5.4375, 11.6875 ], "texture": "#glock" },
				"east": { "uv": [ 6.4375, 11.5, 5.5625, 11.6875 ], "texture": "#glock" }
			}
		}
	],
	"display": {
		"thirdperson_righthand": {
			"translation":  [ 0, -0.695, 0 ],
			"scale":  [ 0.3, 0.3, 0.3 ]
		},
		"thirdperson_lefthand": {
			"translation":  [ 0, -0.695, 0 ],
			"scale":  [ 0.3, 0.3, 0.3 ]
		},
		"firstperson_righthand": {
			"rotation": [19,-4,-25],
			"translation":  [ 0.271, 17.652, -3.47 ],
			"scale":  [ 0.4, 0.4, 0.4 ]
		},
		"firstperson_lefthand": {
			"translation":  [ -2.512, 2.0869, 0 ],
			"scale":  [ 0.4, 0.4, 0.4 ]
		},
		"gui": {
			"rotation":  [ 90, -65, 90 ],
			"translation":  [ 1.3913, 0, 0 ],
			"scale":  [ 0.5, 0.5, 0.5 ]
		},
		"ground": {
			"rotation":  [ 30, 100, 30 ],
			"translation":  [ 0, 1.3913, 0 ],
			"scale":  [ 0.3, 0.3, 0.3 ]
		},
		"fixed": {
			"rotation":  [ 90, 90, -90 ],
			"translation":  [ 0, -2.315, -0.597 ],
			"scale":  [ 0.7, 0.7, 0.7 ]
		}
	}
}